d4235c,::1,GET,http://localhost/eccube/html/index_dev.php/products/detail/2,1461243475,,500
629b4b,127.0.0.1,GET,http://localhost/eccube/html/index_dev.php/block/cart,1461243521,51790b,200
2bc0e0,127.0.0.1,GET,http://localhost/eccube/html/index_dev.php/block/search_product,1461243522,51790b,200
d82a7e,127.0.0.1,GET,http://localhost/eccube/html/index_dev.php/block/login,1461243522,51790b,200
133446,127.0.0.1,GET,http://localhost/eccube/html/index_dev.php/block/category,1461243522,51790b,200
51790b,::1,GET,http://localhost/eccube/html/index_dev.php/products/detail/2,1461243523,,200
1b64a1,::1,POST,http://localhost/eccube/html/index_dev.php/products/detail/2,1461243531,,500
ee385b,127.0.0.1,GET,http://localhost/eccube/html/index_dev.php/block/cart,1461243825,dd0368,200
9aaa0d,127.0.0.1,GET,http://localhost/eccube/html/index_dev.php/block/search_product,1461243825,dd0368,200
e127f1,127.0.0.1,GET,http://localhost/eccube/html/index_dev.php/block/login,1461243825,dd0368,200
ffb5eb,127.0.0.1,GET,http://localhost/eccube/html/index_dev.php/block/category,1461243826,dd0368,200
dd0368,::1,GET,http://localhost/eccube/html/index_dev.php/products/detail/2,1461243826,,200
4b8eb9,::1,POST,http://localhost/eccube/html/index_dev.php/products/detail/2,1461243832,,500
96cb1d,127.0.0.1,GET,http://localhost/eccube/html/index_dev.php/block/cart,1461244742,ca2c6b,200
1d0a76,127.0.0.1,GET,http://localhost/eccube/html/index_dev.php/block/search_product,1461244742,ca2c6b,200
5105c8,127.0.0.1,GET,http://localhost/eccube/html/index_dev.php/block/login,1461244743,ca2c6b,200
9521d4,127.0.0.1,GET,http://localhost/eccube/html/index_dev.php/block/category,1461244743,ca2c6b,200
ca2c6b,::1,GET,http://localhost/eccube/html/index_dev.php/products/detail/2,1461244743,,200
7b1daf,::1,POST,http://localhost/eccube/html/index_dev.php/products/detail/2,1461244751,,500
f0c780,127.0.0.1,GET,http://localhost/eccube/html/index_dev.php/block/cart,1461245742,af36b6,200
6de079,127.0.0.1,GET,http://localhost/eccube/html/index_dev.php/block/search_product,1461245742,af36b6,200
679e49,127.0.0.1,GET,http://localhost/eccube/html/index_dev.php/block/login,1461245742,af36b6,200
29cfd4,127.0.0.1,GET,http://localhost/eccube/html/index_dev.php/block/category,1461245743,af36b6,200
af36b6,::1,GET,http://localhost/eccube/html/index_dev.php/products/detail/2,1461245743,,200
814922,::1,POST,http://localhost/eccube/html/index_dev.php/products/detail/2,1461245749,,500
